/*
 Navicat Premium Data Transfer

 Source Server         : local
 Source Server Type    : PostgreSQL
 Source Server Version : 170007 (170007)
 Source Host           : localhost:5432
 Source Catalog        : inventory_db
 Source Schema         : public

 Target Server Type    : PostgreSQL
 Target Server Version : 170007 (170007)
 File Encoding         : 65001

 Date: 31/01/2026 22:51:05
*/


-- ----------------------------
-- Sequence structure for categories_id_seq
-- ----------------------------
DROP SEQUENCE IF EXISTS "public"."categories_id_seq";
CREATE SEQUENCE "public"."categories_id_seq" 
INCREMENT 1
MINVALUE  1
MAXVALUE 9223372036854775807
START 1
CACHE 1;

-- ----------------------------
-- Sequence structure for products_id_seq
-- ----------------------------
DROP SEQUENCE IF EXISTS "public"."products_id_seq";
CREATE SEQUENCE "public"."products_id_seq" 
INCREMENT 1
MINVALUE  1
MAXVALUE 9223372036854775807
START 1
CACHE 1;

-- ----------------------------
-- Sequence structure for stocks_id_seq
-- ----------------------------
DROP SEQUENCE IF EXISTS "public"."stocks_id_seq";
CREATE SEQUENCE "public"."stocks_id_seq" 
INCREMENT 1
MINVALUE  1
MAXVALUE 9223372036854775807
START 1
CACHE 1;

-- ----------------------------
-- Sequence structure for suppliers_id_seq
-- ----------------------------
DROP SEQUENCE IF EXISTS "public"."suppliers_id_seq";
CREATE SEQUENCE "public"."suppliers_id_seq" 
INCREMENT 1
MINVALUE  1
MAXVALUE 9223372036854775807
START 1
CACHE 1;

-- ----------------------------
-- Sequence structure for users_id_seq
-- ----------------------------
DROP SEQUENCE IF EXISTS "public"."users_id_seq";
CREATE SEQUENCE "public"."users_id_seq" 
INCREMENT 1
MINVALUE  1
MAXVALUE 9223372036854775807
START 1
CACHE 1;

-- ----------------------------
-- Table structure for categories
-- ----------------------------
DROP TABLE IF EXISTS "public"."categories";
CREATE TABLE "public"."categories" (
  "id" int8 NOT NULL GENERATED BY DEFAULT AS IDENTITY (
INCREMENT 1
MINVALUE  1
MAXVALUE 9223372036854775807
START 1
CACHE 1
),
  "created_at" timestamp(6),
  "description" varchar(500) COLLATE "pg_catalog"."default",
  "name" varchar(255) COLLATE "pg_catalog"."default" NOT NULL,
  "updated_at" timestamp(6)
)
;

-- ----------------------------
-- Records of categories
-- ----------------------------
INSERT INTO "public"."categories" VALUES (1, '2026-01-31 22:48:54.112973', 'Peralatan dan komponen elektronik', 'Elektronik', '2026-01-31 22:48:54.112973');
INSERT INTO "public"."categories" VALUES (2, '2026-01-31 22:48:54.12496', 'Komputer, laptop, dan aksesori', 'Komputer & Laptop', '2026-01-31 22:48:54.12496');
INSERT INTO "public"."categories" VALUES (3, '2026-01-31 22:48:54.126967', 'Smartphone, tablet, dan aksesori', 'Smartphone & Tablet', '2026-01-31 22:48:54.126967');
INSERT INTO "public"."categories" VALUES (4, '2026-01-31 22:48:54.130125', 'ATK dan peralatan kantor', 'Peralatan Kantor', '2026-01-31 22:48:54.130125');
INSERT INTO "public"."categories" VALUES (5, '2026-01-31 22:48:54.132118', 'Meja, kursi, dan furniture kantor', 'Furniture', '2026-01-31 22:48:54.132118');
INSERT INTO "public"."categories" VALUES (6, '2026-01-31 22:48:54.13412', 'Router, switch, dan peralatan jaringan', 'Networking', '2026-01-31 22:48:54.13412');
INSERT INTO "public"."categories" VALUES (7, '2026-01-31 22:48:54.137116', 'Speaker, headphone, kamera, proyektor', 'Audio & Video', '2026-01-31 22:48:54.137116');
INSERT INTO "public"."categories" VALUES (8, '2026-01-31 22:48:54.139268', 'Console, controller, dan aksesori gaming', 'Gaming', '2026-01-31 22:48:54.139268');
INSERT INTO "public"."categories" VALUES (9, '2026-01-31 22:48:54.141266', 'Berbagai aksesoris teknologi', 'Aksesoris', '2026-01-31 22:48:54.141266');
INSERT INTO "public"."categories" VALUES (10, '2026-01-31 22:48:54.143266', 'Software dan lisensi', 'Software', '2026-01-31 22:48:54.143266');

-- ----------------------------
-- Table structure for products
-- ----------------------------
DROP TABLE IF EXISTS "public"."products";
CREATE TABLE "public"."products" (
  "id" int8 NOT NULL GENERATED BY DEFAULT AS IDENTITY (
INCREMENT 1
MINVALUE  1
MAXVALUE 9223372036854775807
START 1
CACHE 1
),
  "created_at" timestamp(6),
  "description" varchar(1000) COLLATE "pg_catalog"."default",
  "name" varchar(255) COLLATE "pg_catalog"."default" NOT NULL,
  "price" numeric(12,2) NOT NULL,
  "sku" varchar(255) COLLATE "pg_catalog"."default" NOT NULL,
  "updated_at" timestamp(6),
  "category_id" int8 NOT NULL,
  "supplier_id" int8 NOT NULL
)
;

-- ----------------------------
-- Records of products
-- ----------------------------
INSERT INTO "public"."products" VALUES (1, '2026-01-31 22:48:54.210593', 'Laptop premium dengan Intel Core i7, 16GB RAM, 512GB SSD', 'Laptop Dell XPS 13', 18500000.00, 'PRD-1769874534210', '2026-01-31 22:48:54.210593', 2, 1);
INSERT INTO "public"."products" VALUES (2, '2026-01-31 22:48:54.223057', 'Gaming laptop dengan RTX 3060, Intel Core i7, 16GB RAM', 'Laptop ASUS ROG', 22000000.00, 'PRD-1769874534224', '2026-01-31 22:48:54.224058', 2, 1);
INSERT INTO "public"."products" VALUES (3, '2026-01-31 22:48:54.232402', 'MacBook Pro M2 Pro, 16GB RAM, 512GB SSD', 'MacBook Pro 14"', 32000000.00, 'PRD-1769874534232', '2026-01-31 22:48:54.232402', 2, 1);
INSERT INTO "public"."products" VALUES (4, '2026-01-31 22:48:54.241611', 'iPhone 14 Pro 256GB, Deep Purple', 'iPhone 14 Pro', 18999000.00, 'PRD-1769874534241', '2026-01-31 22:48:54.241611', 3, 1);
INSERT INTO "public"."products" VALUES (5, '2026-01-31 22:48:54.257135', 'Samsung Galaxy S23 256GB, Phantom Black', 'Samsung Galaxy S23', 13999000.00, 'PRD-1769874534257', '2026-01-31 22:48:54.257135', 3, 1);
INSERT INTO "public"."products" VALUES (6, '2026-01-31 22:48:54.271335', 'iPad Pro 11" M2, 256GB, WiFi', 'iPad Pro 11"', 15999000.00, 'PRD-1769874534271', '2026-01-31 22:48:54.271335', 3, 1);
INSERT INTO "public"."products" VALUES (7, '2026-01-31 22:48:54.282065', 'WiFi 6 Router dengan kecepatan hingga 5400Mbps', 'Router TP-Link AX5400', 1850000.00, 'PRD-1769874534282', '2026-01-31 22:48:54.282065', 6, 1);
INSERT INTO "public"."products" VALUES (8, '2026-01-31 22:48:54.292528', 'Managed Switch 24 Port Gigabit', 'Switch Cisco 24 Port', 8500000.00, 'PRD-1769874534293', '2026-01-31 22:48:54.293528', 6, 1);
INSERT INTO "public"."products" VALUES (9, '2026-01-31 22:48:54.305065', 'UniFi AP AC Pro dengan PoE', 'Access Point Ubiquiti', 2100000.00, 'PRD-1769874534305', '2026-01-31 22:48:54.305065', 6, 1);
INSERT INTO "public"."products" VALUES (10, '2026-01-31 22:48:54.316091', 'Noise Cancelling Headphone Premium', 'Sony WH-1000XM5', 5499000.00, 'PRD-1769874534316', '2026-01-31 22:48:54.316091', 7, 1);
INSERT INTO "public"."products" VALUES (11, '2026-01-31 22:48:54.323608', 'Webcam 4K Ultra HD dengan HDR', 'Logitech Brio 4K', 3200000.00, 'PRD-1769874534323', '2026-01-31 22:48:54.323608', 7, 1);
INSERT INTO "public"."products" VALUES (12, '2026-01-31 22:48:54.333359', 'Portable Bluetooth Speaker Waterproof', 'JBL Flip 6', 1899000.00, 'PRD-1769874534333', '2026-01-31 22:48:54.333359', 7, 1);
INSERT INTO "public"."products" VALUES (13, '2026-01-31 22:48:54.343915', 'Monitor IPS 27" 4K UHD', 'Monitor LG 27"', 4500000.00, 'PRD-1769874534343', '2026-01-31 22:48:54.343915', 4, 1);
INSERT INTO "public"."products" VALUES (14, '2026-01-31 22:48:54.354021', 'Logitech MX Mechanical Wireless', 'Keyboard Mechanical', 2100000.00, 'PRD-1769874534354', '2026-01-31 22:48:54.354021', 4, 1);
INSERT INTO "public"."products" VALUES (15, '2026-01-31 22:48:54.362192', 'Wireless Mouse untuk profesional', 'Mouse Logitech MX Master 3S', 1450000.00, 'PRD-1769874534362', '2026-01-31 22:48:54.362192', 4, 1);
INSERT INTO "public"."products" VALUES (16, '2026-01-31 22:48:54.371652', 'Console gaming Sony PS5 dengan Blu-ray drive', 'PlayStation 5', 7999000.00, 'PRD-1769874534371', '2026-01-31 22:48:54.371652', 8, 1);
INSERT INTO "public"."products" VALUES (17, '2026-01-31 22:48:54.381482', 'Console gaming Microsoft Xbox Series X', 'Xbox Series X', 7499000.00, 'PRD-1769874534381', '2026-01-31 22:48:54.381482', 8, 1);
INSERT INTO "public"."products" VALUES (18, '2026-01-31 22:48:54.389162', 'Portable Gaming PC 512GB', 'Steam Deck', 8999000.00, 'PRD-1769874534389', '2026-01-31 22:48:54.389162', 8, 1);
INSERT INTO "public"."products" VALUES (19, '2026-01-31 22:48:54.396163', 'Kursi gaming ergonomis dengan lumbar support', 'Kursi Gaming DXRacer', 4500000.00, 'PRD-1769874534396', '2026-01-31 22:48:54.396163', 5, 1);
INSERT INTO "public"."products" VALUES (20, '2026-01-31 22:48:54.401438', 'Meja kerja adjustable elektrik', 'Meja Standing Desk', 6500000.00, 'PRD-1769874534401', '2026-01-31 22:48:54.401438', 5, 1);
INSERT INTO "public"."products" VALUES (21, '2026-01-31 22:48:54.406947', 'Anker USB-C Hub dengan HDMI, USB 3.0, SD Card', 'USB-C Hub 7-in-1', 650000.00, 'PRD-1769874534406', '2026-01-31 22:48:54.406947', 9, 1);
INSERT INTO "public"."products" VALUES (22, '2026-01-31 22:48:54.416123', 'Anker Power Bank dengan fast charging', 'Power Bank 20000mAh', 550000.00, 'PRD-1769874534416', '2026-01-31 22:48:54.416123', 9, 1);
INSERT INTO "public"."products" VALUES (23, '2026-01-31 22:48:54.423207', 'Kabel charging USB-C 2 meter', 'Charging Cable USB-C', 150000.00, 'PRD-1769874534423', '2026-01-31 22:48:54.423207', 9, 1);
INSERT INTO "public"."products" VALUES (24, '2026-01-31 22:48:54.429714', 'Samsung 980 Pro NVMe SSD 1TB', 'SSD Samsung 1TB', 2100000.00, 'PRD-1769874534429', '2026-01-31 22:48:54.429714', 1, 1);
INSERT INTO "public"."products" VALUES (25, '2026-01-31 22:48:54.436226', 'Corsair Vengeance 16GB DDR4 3200MHz', 'RAM DDR4 16GB', 950000.00, 'PRD-1769874534436', '2026-01-31 22:48:54.436226', 1, 1);

-- ----------------------------
-- Table structure for stocks
-- ----------------------------
DROP TABLE IF EXISTS "public"."stocks";
CREATE TABLE "public"."stocks" (
  "id" int8 NOT NULL GENERATED BY DEFAULT AS IDENTITY (
INCREMENT 1
MINVALUE  1
MAXVALUE 9223372036854775807
START 1
CACHE 1
),
  "last_restock_date" timestamp(6),
  "minimum_stock" int4,
  "quantity" int4 NOT NULL,
  "updated_at" timestamp(6),
  "product_id" int8 NOT NULL
)
;

-- ----------------------------
-- Records of stocks
-- ----------------------------
INSERT INTO "public"."stocks" VALUES (1, '2026-01-21 22:48:54.213422', 5, 15, '2026-01-31 22:48:54.214926', 1);
INSERT INTO "public"."stocks" VALUES (2, '2026-01-20 22:48:54.225064', 3, 8, '2026-01-31 22:48:54.225064', 2);
INSERT INTO "public"."stocks" VALUES (3, '2026-01-06 22:48:54.233636', 2, 5, '2026-01-31 22:48:54.233636', 3);
INSERT INTO "public"."stocks" VALUES (4, '2026-01-05 22:48:54.243612', 5, 20, '2026-01-31 22:48:54.243612', 4);
INSERT INTO "public"."stocks" VALUES (5, '2026-01-27 22:48:54.26017', 8, 25, '2026-01-31 22:48:54.26017', 5);
INSERT INTO "public"."stocks" VALUES (6, '2026-01-09 22:48:54.273333', 3, 12, '2026-01-31 22:48:54.273333', 6);
INSERT INTO "public"."stocks" VALUES (7, '2026-01-16 22:48:54.284066', 10, 30, '2026-01-31 22:48:54.284066', 7);
INSERT INTO "public"."stocks" VALUES (8, '2026-01-22 22:48:54.295035', 3, 10, '2026-01-31 22:48:54.295035', 8);
INSERT INTO "public"."stocks" VALUES (9, '2026-01-25 22:48:54.306071', 5, 18, '2026-01-31 22:48:54.307071', 9);
INSERT INTO "public"."stocks" VALUES (10, '2026-01-11 22:48:54.317596', 8, 22, '2026-01-31 22:48:54.317596', 10);
INSERT INTO "public"."stocks" VALUES (11, '2026-01-17 22:48:54.326119', 5, 15, '2026-01-31 22:48:54.326119', 11);
INSERT INTO "public"."stocks" VALUES (12, '2026-01-10 22:48:54.335871', 10, 35, '2026-01-31 22:48:54.335871', 12);
INSERT INTO "public"."stocks" VALUES (13, '2026-01-20 22:48:54.345915', 8, 20, '2026-01-31 22:48:54.345915', 13);
INSERT INTO "public"."stocks" VALUES (14, '2026-01-16 22:48:54.355022', 10, 25, '2026-01-31 22:48:54.355022', 14);
INSERT INTO "public"."stocks" VALUES (15, '2026-01-29 22:48:54.364196', 10, 30, '2026-01-31 22:48:54.364196', 15);
INSERT INTO "public"."stocks" VALUES (16, '2026-01-16 22:48:54.373652', 4, 12, '2026-01-31 22:48:54.373652', 16);
INSERT INTO "public"."stocks" VALUES (17, '2026-01-12 22:48:54.383482', 3, 10, '2026-01-31 22:48:54.383482', 17);
INSERT INTO "public"."stocks" VALUES (18, '2026-01-08 22:48:54.390163', 2, 6, '2026-01-31 22:48:54.390163', 18);
INSERT INTO "public"."stocks" VALUES (19, '2026-01-18 22:48:54.397163', 5, 15, '2026-01-31 22:48:54.397163', 19);
INSERT INTO "public"."stocks" VALUES (20, '2026-01-03 22:48:54.402438', 3, 8, '2026-01-31 22:48:54.402438', 20);
INSERT INTO "public"."stocks" VALUES (21, '2026-01-11 22:48:54.409057', 15, 50, '2026-01-31 22:48:54.409057', 21);
INSERT INTO "public"."stocks" VALUES (22, '2026-01-15 22:48:54.417122', 20, 60, '2026-01-31 22:48:54.418207', 22);
INSERT INTO "public"."stocks" VALUES (23, '2026-01-05 22:48:54.424207', 30, 100, '2026-01-31 22:48:54.424207', 23);
INSERT INTO "public"."stocks" VALUES (24, '2026-01-20 22:48:54.430714', 10, 25, '2026-01-31 22:48:54.431715', 24);
INSERT INTO "public"."stocks" VALUES (25, '2026-01-25 22:48:54.437735', 15, 40, '2026-01-31 22:48:54.437735', 25);

-- ----------------------------
-- Table structure for suppliers
-- ----------------------------
DROP TABLE IF EXISTS "public"."suppliers";
CREATE TABLE "public"."suppliers" (
  "id" int8 NOT NULL GENERATED BY DEFAULT AS IDENTITY (
INCREMENT 1
MINVALUE  1
MAXVALUE 9223372036854775807
START 1
CACHE 1
),
  "address" varchar(255) COLLATE "pg_catalog"."default" NOT NULL,
  "created_at" timestamp(6),
  "description" varchar(500) COLLATE "pg_catalog"."default",
  "email" varchar(255) COLLATE "pg_catalog"."default" NOT NULL,
  "name" varchar(255) COLLATE "pg_catalog"."default" NOT NULL,
  "phone_number" varchar(255) COLLATE "pg_catalog"."default",
  "updated_at" timestamp(6)
)
;

-- ----------------------------
-- Records of suppliers
-- ----------------------------
INSERT INTO "public"."suppliers" VALUES (1, 'Jl. Sudirman No. 123, Jakarta Pusat', '2026-01-31 22:48:54.147268', 'Supplier komputer dan laptop terpercaya', 'info@tekmaju.com', 'PT Teknologi Maju', '021-5551234', '2026-01-31 22:48:54.147268');
INSERT INTO "public"."suppliers" VALUES (2, 'Jl. Gatot Subroto No. 456, Bandung', '2026-01-31 22:48:54.15033', 'Supplier elektronik dan komponen', 'sales@elektronikjaya.com', 'CV Elektronik Jaya', '022-7771234', '2026-01-31 22:48:54.15033');
INSERT INTO "public"."suppliers" VALUES (3, 'Jl. Ahmad Yani No. 789, Surabaya', '2026-01-31 22:48:54.15233', 'Supplier peralatan kantor dan furniture', 'contact@mitrasejahtera.com', 'UD Mitra Sejahtera', '031-8881234', '2026-01-31 22:48:54.15233');
INSERT INTO "public"."suppliers" VALUES (4, 'Jl. Rasuna Said No. 321, Jakarta Selatan', '2026-01-31 22:48:54.153331', 'Supplier networking dan server equipment', 'info@globaltech.com', 'PT Global Tech Solution', '021-9991234', '2026-01-31 22:48:54.153331');
INSERT INTO "public"."suppliers" VALUES (5, 'Jl. Diponegoro No. 654, Yogyakarta', '2026-01-31 22:48:54.15584', 'Supplier audio, video, dan multimedia', 'sales@digitalmedia.com', 'CV Digital Media', '0274-6661234', '2026-01-31 22:48:54.15584');
INSERT INTO "public"."suppliers" VALUES (6, 'Jl. Mangga Dua, Jakarta Utara', '2026-01-31 22:48:54.158057', 'Supplier smartphone dan tablet', 'info@smartphonecenter.com', 'UD Smartphone Center', '021-4441234', '2026-01-31 22:48:54.158057');
INSERT INTO "public"."suppliers" VALUES (7, 'Jl. Sudirman No. 999, Surabaya', '2026-01-31 22:48:54.160057', 'Supplier peralatan gaming', 'sales@gamingpro.com', 'PT Gaming Pro', '031-5551234', '2026-01-31 22:48:54.160057');

-- ----------------------------
-- Table structure for users
-- ----------------------------
DROP TABLE IF EXISTS "public"."users";
CREATE TABLE "public"."users" (
  "id" int8 NOT NULL GENERATED BY DEFAULT AS IDENTITY (
INCREMENT 1
MINVALUE  1
MAXVALUE 9223372036854775807
START 1
CACHE 1
),
  "created_at" timestamp(6),
  "email" varchar(255) COLLATE "pg_catalog"."default" NOT NULL,
  "full_name" varchar(255) COLLATE "pg_catalog"."default" NOT NULL,
  "is_active" bool NOT NULL,
  "password" varchar(255) COLLATE "pg_catalog"."default" NOT NULL,
  "phone_number" varchar(20) COLLATE "pg_catalog"."default",
  "role" varchar(255) COLLATE "pg_catalog"."default" NOT NULL,
  "updated_at" timestamp(6),
  "username" varchar(255) COLLATE "pg_catalog"."default" NOT NULL
)
;

-- ----------------------------
-- Records of users
-- ----------------------------
INSERT INTO "public"."users" VALUES (1, '2026-01-31 22:48:53.776047', 'admin@inventori.com', 'Administrator', 't', '$2a$10$MmpHCy74KbFAUm.G5WWnS.Cx/0urtMEqKmIBhQJ8C4MMAWFoLy4Zu', NULL, 'ADMIN', '2026-01-31 22:48:53.776047', 'admin');
INSERT INTO "public"."users" VALUES (2, '2026-01-31 22:48:53.893427', 'staff@inventori.com', 'Staff Member', 't', '$2a$10$Oo/h7HriB8eyLbLm4bsQdeL1JpkjjrenHQPILwO0M4hhMs93ywPk2', NULL, 'STAFF', '2026-01-31 22:48:53.893427', 'staff');
INSERT INTO "public"."users" VALUES (3, '2026-01-31 22:48:53.964536', 'john@inventori.com', 'John Doe', 't', '$2a$10$U.EXbmKdrRL9m3wlfSVC2OYR8kAR5VuNVd5RHsj.tdP38cxTF3/wm', NULL, 'ADMIN', '2026-01-31 22:48:53.964536', 'john_admin');
INSERT INTO "public"."users" VALUES (4, '2026-01-31 22:48:54.03428', 'sarah@inventori.com', 'Sarah Wilson', 't', '$2a$10$JQpf4OgdC/rP4CW7dQCAwuRaRCMXo86tDb0.XhVUEnT9fiPJmaDmS', NULL, 'STAFF', '2026-01-31 22:48:54.035277', 'sarah_staff');
INSERT INTO "public"."users" VALUES (5, '2026-01-31 22:48:54.105295', 'mike@inventori.com', 'Mike Johnson', 't', '$2a$10$hDxE.l/MwFrtB3DyjYVoh.LHfzVPU1Gh3FKuivuws.H608Da8BX76', NULL, 'STAFF', '2026-01-31 22:48:54.105295', 'mike_staff');

-- ----------------------------
-- Alter sequences owned by
-- ----------------------------
ALTER SEQUENCE "public"."categories_id_seq"
OWNED BY "public"."categories"."id";
SELECT setval('"public"."categories_id_seq"', 10, true);

-- ----------------------------
-- Alter sequences owned by
-- ----------------------------
ALTER SEQUENCE "public"."products_id_seq"
OWNED BY "public"."products"."id";
SELECT setval('"public"."products_id_seq"', 25, true);

-- ----------------------------
-- Alter sequences owned by
-- ----------------------------
ALTER SEQUENCE "public"."stocks_id_seq"
OWNED BY "public"."stocks"."id";
SELECT setval('"public"."stocks_id_seq"', 25, true);

-- ----------------------------
-- Alter sequences owned by
-- ----------------------------
ALTER SEQUENCE "public"."suppliers_id_seq"
OWNED BY "public"."suppliers"."id";
SELECT setval('"public"."suppliers_id_seq"', 7, true);

-- ----------------------------
-- Alter sequences owned by
-- ----------------------------
ALTER SEQUENCE "public"."users_id_seq"
OWNED BY "public"."users"."id";
SELECT setval('"public"."users_id_seq"', 5, true);

-- ----------------------------
-- Auto increment value for categories
-- ----------------------------
SELECT setval('"public"."categories_id_seq"', 10, true);

-- ----------------------------
-- Uniques structure for table categories
-- ----------------------------
ALTER TABLE "public"."categories" ADD CONSTRAINT "ukt8o6pivur7nn124jehx7cygw5" UNIQUE ("name");

-- ----------------------------
-- Primary Key structure for table categories
-- ----------------------------
ALTER TABLE "public"."categories" ADD CONSTRAINT "categories_pkey" PRIMARY KEY ("id");

-- ----------------------------
-- Auto increment value for products
-- ----------------------------
SELECT setval('"public"."products_id_seq"', 25, true);

-- ----------------------------
-- Uniques structure for table products
-- ----------------------------
ALTER TABLE "public"."products" ADD CONSTRAINT "ukfhmd06dsmj6k0n90swsh8ie9g" UNIQUE ("sku");

-- ----------------------------
-- Primary Key structure for table products
-- ----------------------------
ALTER TABLE "public"."products" ADD CONSTRAINT "products_pkey" PRIMARY KEY ("id");

-- ----------------------------
-- Auto increment value for stocks
-- ----------------------------
SELECT setval('"public"."stocks_id_seq"', 25, true);

-- ----------------------------
-- Uniques structure for table stocks
-- ----------------------------
ALTER TABLE "public"."stocks" ADD CONSTRAINT "ukhtp625bmmsb6gay567r5sdfoc" UNIQUE ("product_id");

-- ----------------------------
-- Checks structure for table stocks
-- ----------------------------
ALTER TABLE "public"."stocks" ADD CONSTRAINT "stocks_minimum_stock_check" CHECK (minimum_stock >= 0);
ALTER TABLE "public"."stocks" ADD CONSTRAINT "stocks_quantity_check" CHECK (quantity >= 0);

-- ----------------------------
-- Primary Key structure for table stocks
-- ----------------------------
ALTER TABLE "public"."stocks" ADD CONSTRAINT "stocks_pkey" PRIMARY KEY ("id");

-- ----------------------------
-- Auto increment value for suppliers
-- ----------------------------
SELECT setval('"public"."suppliers_id_seq"', 7, true);

-- ----------------------------
-- Primary Key structure for table suppliers
-- ----------------------------
ALTER TABLE "public"."suppliers" ADD CONSTRAINT "suppliers_pkey" PRIMARY KEY ("id");

-- ----------------------------
-- Auto increment value for users
-- ----------------------------
SELECT setval('"public"."users_id_seq"', 5, true);

-- ----------------------------
-- Uniques structure for table users
-- ----------------------------
ALTER TABLE "public"."users" ADD CONSTRAINT "uk6dotkott2kjsp8vw4d0m25fb7" UNIQUE ("email");
ALTER TABLE "public"."users" ADD CONSTRAINT "ukr43af9ap4edm43mmtq01oddj6" UNIQUE ("username");

-- ----------------------------
-- Checks structure for table users
-- ----------------------------
ALTER TABLE "public"."users" ADD CONSTRAINT "users_role_check" CHECK (role::text = ANY (ARRAY['ADMIN'::character varying, 'STAFF'::character varying]::text[]));

-- ----------------------------
-- Primary Key structure for table users
-- ----------------------------
ALTER TABLE "public"."users" ADD CONSTRAINT "users_pkey" PRIMARY KEY ("id");

-- ----------------------------
-- Foreign Keys structure for table products
-- ----------------------------
ALTER TABLE "public"."products" ADD CONSTRAINT "fk6i174ixi9087gcvvut45em7fd" FOREIGN KEY ("supplier_id") REFERENCES "public"."suppliers" ("id") ON DELETE NO ACTION ON UPDATE NO ACTION;
ALTER TABLE "public"."products" ADD CONSTRAINT "fkog2rp4qthbtt2lfyhfo32lsw9" FOREIGN KEY ("category_id") REFERENCES "public"."categories" ("id") ON DELETE NO ACTION ON UPDATE NO ACTION;

-- ----------------------------
-- Foreign Keys structure for table stocks
-- ----------------------------
ALTER TABLE "public"."stocks" ADD CONSTRAINT "fkff7be959jyco0iukc1dcjj9qm" FOREIGN KEY ("product_id") REFERENCES "public"."products" ("id") ON DELETE NO ACTION ON UPDATE NO ACTION;
