/*
 Navicat Premium Data Transfer

 Source Server         : local
 Source Server Type    : PostgreSQL
 Source Server Version : 170007 (170007)
 Source Host           : localhost:5432
 Source Catalog        : inventory_db
 Source Schema         : public

 Target Server Type    : PostgreSQL
 Target Server Version : 170007 (170007)
 File Encoding         : 65001

 Date: 01/02/2026 10:24:56
*/


-- ----------------------------
-- Sequence structure for categories_id_seq
-- ----------------------------
DROP SEQUENCE IF EXISTS "public"."categories_id_seq";
CREATE SEQUENCE "public"."categories_id_seq" 
INCREMENT 1
MINVALUE  1
MAXVALUE 9223372036854775807
START 1
CACHE 1;

-- ----------------------------
-- Sequence structure for products_id_seq
-- ----------------------------
DROP SEQUENCE IF EXISTS "public"."products_id_seq";
CREATE SEQUENCE "public"."products_id_seq" 
INCREMENT 1
MINVALUE  1
MAXVALUE 9223372036854775807
START 1
CACHE 1;

-- ----------------------------
-- Sequence structure for stocks_id_seq
-- ----------------------------
DROP SEQUENCE IF EXISTS "public"."stocks_id_seq";
CREATE SEQUENCE "public"."stocks_id_seq" 
INCREMENT 1
MINVALUE  1
MAXVALUE 9223372036854775807
START 1
CACHE 1;

-- ----------------------------
-- Sequence structure for suppliers_id_seq
-- ----------------------------
DROP SEQUENCE IF EXISTS "public"."suppliers_id_seq";
CREATE SEQUENCE "public"."suppliers_id_seq" 
INCREMENT 1
MINVALUE  1
MAXVALUE 9223372036854775807
START 1
CACHE 1;

-- ----------------------------
-- Sequence structure for users_id_seq
-- ----------------------------
DROP SEQUENCE IF EXISTS "public"."users_id_seq";
CREATE SEQUENCE "public"."users_id_seq" 
INCREMENT 1
MINVALUE  1
MAXVALUE 9223372036854775807
START 1
CACHE 1;

-- ----------------------------
-- Table structure for categories
-- ----------------------------
DROP TABLE IF EXISTS "public"."categories";
CREATE TABLE "public"."categories" (
  "id" int8 NOT NULL GENERATED BY DEFAULT AS IDENTITY (
INCREMENT 1
MINVALUE  1
MAXVALUE 9223372036854775807
START 1
CACHE 1
),
  "created_at" timestamp(6),
  "description" varchar(500) COLLATE "pg_catalog"."default",
  "name" varchar(255) COLLATE "pg_catalog"."default" NOT NULL,
  "updated_at" timestamp(6)
)
;

-- ----------------------------
-- Records of categories
-- ----------------------------
INSERT INTO "public"."categories" VALUES (1, '2026-02-01 10:21:25.238716', 'Peralatan dan komponen elektronik', 'Elektronik', '2026-02-01 10:21:25.238716');
INSERT INTO "public"."categories" VALUES (2, '2026-02-01 10:21:25.248226', 'Komputer, laptop, dan aksesori', 'Komputer & Laptop', '2026-02-01 10:21:25.248226');
INSERT INTO "public"."categories" VALUES (3, '2026-02-01 10:21:25.250225', 'Smartphone, tablet, dan aksesori', 'Smartphone & Tablet', '2026-02-01 10:21:25.250225');
INSERT INTO "public"."categories" VALUES (4, '2026-02-01 10:21:25.252226', 'ATK dan peralatan kantor', 'Peralatan Kantor', '2026-02-01 10:21:25.252226');
INSERT INTO "public"."categories" VALUES (5, '2026-02-01 10:21:25.253228', 'Meja, kursi, dan furniture kantor', 'Furniture', '2026-02-01 10:21:25.253228');
INSERT INTO "public"."categories" VALUES (6, '2026-02-01 10:21:25.255738', 'Router, switch, dan peralatan jaringan', 'Networking', '2026-02-01 10:21:25.255738');
INSERT INTO "public"."categories" VALUES (7, '2026-02-01 10:21:25.257737', 'Speaker, headphone, kamera, proyektor', 'Audio & Video', '2026-02-01 10:21:25.257737');
INSERT INTO "public"."categories" VALUES (8, '2026-02-01 10:21:25.258738', 'Console, controller, dan aksesori gaming', 'Gaming', '2026-02-01 10:21:25.258738');
INSERT INTO "public"."categories" VALUES (9, '2026-02-01 10:21:25.262248', 'Berbagai aksesoris teknologi', 'Aksesoris', '2026-02-01 10:21:25.262248');
INSERT INTO "public"."categories" VALUES (10, '2026-02-01 10:21:25.264247', 'Software dan lisensi', 'Software', '2026-02-01 10:21:25.264247');

-- ----------------------------
-- Table structure for products
-- ----------------------------
DROP TABLE IF EXISTS "public"."products";
CREATE TABLE "public"."products" (
  "id" int8 NOT NULL GENERATED BY DEFAULT AS IDENTITY (
INCREMENT 1
MINVALUE  1
MAXVALUE 9223372036854775807
START 1
CACHE 1
),
  "created_at" timestamp(6),
  "description" varchar(1000) COLLATE "pg_catalog"."default",
  "name" varchar(255) COLLATE "pg_catalog"."default" NOT NULL,
  "price" numeric(12,2) NOT NULL,
  "sku" varchar(255) COLLATE "pg_catalog"."default" NOT NULL,
  "updated_at" timestamp(6),
  "category_id" int8 NOT NULL,
  "supplier_id" int8 NOT NULL
)
;

-- ----------------------------
-- Records of products
-- ----------------------------
INSERT INTO "public"."products" VALUES (1, '2026-02-01 10:21:25.336566', 'Laptop premium dengan Intel Core i7, 16GB RAM, 512GB SSD', 'Laptop Dell XPS 13', 18500000.00, 'PRD-1769916085336', '2026-02-01 10:21:25.336566', 2, 1);
INSERT INTO "public"."products" VALUES (2, '2026-02-01 10:21:25.357619', 'Gaming laptop dengan RTX 3060, Intel Core i7, 16GB RAM', 'Laptop ASUS ROG', 22000000.00, 'PRD-1769916085357', '2026-02-01 10:21:25.357619', 2, 1);
INSERT INTO "public"."products" VALUES (3, '2026-02-01 10:21:25.371658', 'MacBook Pro M2 Pro, 16GB RAM, 512GB SSD', 'MacBook Pro 14"', 32000000.00, 'PRD-1769916085371', '2026-02-01 10:21:25.371658', 2, 1);
INSERT INTO "public"."products" VALUES (4, '2026-02-01 10:21:25.383176', 'iPhone 14 Pro 256GB, Deep Purple', 'iPhone 14 Pro', 18999000.00, 'PRD-1769916085383', '2026-02-01 10:21:25.383176', 3, 1);
INSERT INTO "public"."products" VALUES (5, '2026-02-01 10:21:25.393699', 'Samsung Galaxy S23 256GB, Phantom Black', 'Samsung Galaxy S23', 13999000.00, 'PRD-1769916085393', '2026-02-01 10:21:25.393699', 3, 1);
INSERT INTO "public"."products" VALUES (6, '2026-02-01 10:21:25.406216', 'iPad Pro 11" M2, 256GB, WiFi', 'iPad Pro 11"', 15999000.00, 'PRD-1769916085406', '2026-02-01 10:21:25.406216', 3, 1);
INSERT INTO "public"."products" VALUES (7, '2026-02-01 10:21:25.415728', 'WiFi 6 Router dengan kecepatan hingga 5400Mbps', 'Router TP-Link AX5400', 1850000.00, 'PRD-1769916085415', '2026-02-01 10:21:25.415728', 6, 1);
INSERT INTO "public"."products" VALUES (8, '2026-02-01 10:21:25.422733', 'Managed Switch 24 Port Gigabit', 'Switch Cisco 24 Port', 8500000.00, 'PRD-1769916085422', '2026-02-01 10:21:25.422733', 6, 1);
INSERT INTO "public"."products" VALUES (9, '2026-02-01 10:21:25.430729', 'UniFi AP AC Pro dengan PoE', 'Access Point Ubiquiti', 2100000.00, 'PRD-1769916085430', '2026-02-01 10:21:25.430729', 6, 1);
INSERT INTO "public"."products" VALUES (10, '2026-02-01 10:21:25.438822', 'Noise Cancelling Headphone Premium', 'Sony WH-1000XM5', 5499000.00, 'PRD-1769916085438', '2026-02-01 10:21:25.438822', 7, 1);
INSERT INTO "public"."products" VALUES (11, '2026-02-01 10:21:25.446331', 'Webcam 4K Ultra HD dengan HDR', 'Logitech Brio 4K', 3200000.00, 'PRD-1769916085446', '2026-02-01 10:21:25.446331', 7, 1);
INSERT INTO "public"."products" VALUES (12, '2026-02-01 10:21:25.452336', 'Portable Bluetooth Speaker Waterproof', 'JBL Flip 6', 1899000.00, 'PRD-1769916085452', '2026-02-01 10:21:25.452336', 7, 1);
INSERT INTO "public"."products" VALUES (13, '2026-02-01 10:21:25.459426', 'Monitor IPS 27" 4K UHD', 'Monitor LG 27"', 4500000.00, 'PRD-1769916085459', '2026-02-01 10:21:25.459426', 4, 1);
INSERT INTO "public"."products" VALUES (14, '2026-02-01 10:21:25.467586', 'Logitech MX Mechanical Wireless', 'Keyboard Mechanical', 2100000.00, 'PRD-1769916085467', '2026-02-01 10:21:25.467586', 4, 1);
INSERT INTO "public"."products" VALUES (15, '2026-02-01 10:21:25.473585', 'Wireless Mouse untuk profesional', 'Mouse Logitech MX Master 3S', 1450000.00, 'PRD-1769916085473', '2026-02-01 10:21:25.473585', 4, 1);
INSERT INTO "public"."products" VALUES (16, '2026-02-01 10:21:25.480915', 'Console gaming Sony PS5 dengan Blu-ray drive', 'PlayStation 5', 7999000.00, 'PRD-1769916085480', '2026-02-01 10:21:25.480915', 8, 1);
INSERT INTO "public"."products" VALUES (17, '2026-02-01 10:21:25.488424', 'Console gaming Microsoft Xbox Series X', 'Xbox Series X', 7499000.00, 'PRD-1769916085488', '2026-02-01 10:21:25.488424', 8, 1);
INSERT INTO "public"."products" VALUES (18, '2026-02-01 10:21:25.494434', 'Portable Gaming PC 512GB', 'Steam Deck', 8999000.00, 'PRD-1769916085494', '2026-02-01 10:21:25.494434', 8, 1);
INSERT INTO "public"."products" VALUES (19, '2026-02-01 10:21:25.50044', 'Kursi gaming ergonomis dengan lumbar support', 'Kursi Gaming DXRacer', 4500000.00, 'PRD-1769916085500', '2026-02-01 10:21:25.50044', 5, 1);
INSERT INTO "public"."products" VALUES (20, '2026-02-01 10:21:25.506459', 'Meja kerja adjustable elektrik', 'Meja Standing Desk', 6500000.00, 'PRD-1769916085506', '2026-02-01 10:21:25.506459', 5, 1);
INSERT INTO "public"."products" VALUES (21, '2026-02-01 10:21:25.51346', 'Anker USB-C Hub dengan HDMI, USB 3.0, SD Card', 'USB-C Hub 7-in-1', 650000.00, 'PRD-1769916085513', '2026-02-01 10:21:25.51346', 9, 1);
INSERT INTO "public"."products" VALUES (22, '2026-02-01 10:21:25.520523', 'Anker Power Bank dengan fast charging', 'Power Bank 20000mAh', 550000.00, 'PRD-1769916085520', '2026-02-01 10:21:25.520523', 9, 1);
INSERT INTO "public"."products" VALUES (23, '2026-02-01 10:21:25.530203', 'Kabel charging USB-C 2 meter', 'Charging Cable USB-C', 150000.00, 'PRD-1769916085530', '2026-02-01 10:21:25.530203', 9, 1);
INSERT INTO "public"."products" VALUES (24, '2026-02-01 10:21:25.537724', 'Samsung 980 Pro NVMe SSD 1TB', 'SSD Samsung 1TB', 2100000.00, 'PRD-1769916085537', '2026-02-01 10:21:25.537724', 1, 1);
INSERT INTO "public"."products" VALUES (25, '2026-02-01 10:21:25.544724', 'Corsair Vengeance 16GB DDR4 3200MHz', 'RAM DDR4 16GB', 950000.00, 'PRD-1769916085544', '2026-02-01 10:21:25.544724', 1, 1);

-- ----------------------------
-- Table structure for stocks
-- ----------------------------
DROP TABLE IF EXISTS "public"."stocks";
CREATE TABLE "public"."stocks" (
  "id" int8 NOT NULL GENERATED BY DEFAULT AS IDENTITY (
INCREMENT 1
MINVALUE  1
MAXVALUE 9223372036854775807
START 1
CACHE 1
),
  "last_restock_date" timestamp(6),
  "minimum_stock" int4,
  "quantity" int4 NOT NULL,
  "updated_at" timestamp(6),
  "product_id" int8 NOT NULL
)
;

-- ----------------------------
-- Records of stocks
-- ----------------------------
INSERT INTO "public"."stocks" VALUES (1, '2026-01-30 10:21:25.341567', 5, 15, '2026-02-01 10:21:25.342566', 1);
INSERT INTO "public"."stocks" VALUES (2, '2026-01-24 10:21:25.358618', 3, 8, '2026-02-01 10:21:25.360124', 2);
INSERT INTO "public"."stocks" VALUES (3, '2026-01-26 10:21:25.373658', 2, 5, '2026-02-01 10:21:25.373658', 3);
INSERT INTO "public"."stocks" VALUES (4, '2026-01-30 10:21:25.384683', 5, 20, '2026-02-01 10:21:25.385692', 4);
INSERT INTO "public"."stocks" VALUES (5, '2026-01-25 10:21:25.396188', 8, 25, '2026-02-01 10:21:25.397188', 5);
INSERT INTO "public"."stocks" VALUES (6, '2026-01-04 10:21:25.408217', 3, 12, '2026-02-01 10:21:25.408217', 6);
INSERT INTO "public"."stocks" VALUES (7, '2026-01-26 10:21:25.416735', 10, 30, '2026-02-01 10:21:25.417735', 7);
INSERT INTO "public"."stocks" VALUES (8, '2026-01-23 10:21:25.424734', 3, 10, '2026-02-01 10:21:25.424734', 8);
INSERT INTO "public"."stocks" VALUES (9, '2026-01-05 10:21:25.431729', 5, 18, '2026-02-01 10:21:25.432729', 9);
INSERT INTO "public"."stocks" VALUES (10, '2026-01-13 10:21:25.440821', 8, 22, '2026-02-01 10:21:25.440821', 10);
INSERT INTO "public"."stocks" VALUES (11, '2026-01-28 10:21:25.44803', 5, 15, '2026-02-01 10:21:25.44803', 11);
INSERT INTO "public"."stocks" VALUES (12, '2026-01-15 10:21:25.454335', 10, 35, '2026-02-01 10:21:25.454335', 12);
INSERT INTO "public"."stocks" VALUES (13, '2026-01-03 10:21:25.460426', 8, 20, '2026-02-01 10:21:25.460426', 13);
INSERT INTO "public"."stocks" VALUES (14, '2026-01-22 10:21:25.468585', 10, 25, '2026-02-01 10:21:25.469585', 14);
INSERT INTO "public"."stocks" VALUES (15, '2026-01-14 10:21:25.474585', 10, 30, '2026-02-01 10:21:25.474585', 15);
INSERT INTO "public"."stocks" VALUES (16, '2026-01-27 10:21:25.482913', 4, 12, '2026-02-01 10:21:25.482913', 16);
INSERT INTO "public"."stocks" VALUES (17, '2026-01-04 10:21:25.489424', 3, 10, '2026-02-01 10:21:25.489424', 17);
INSERT INTO "public"."stocks" VALUES (18, '2026-01-05 10:21:25.495438', 2, 6, '2026-02-01 10:21:25.496442', 18);
INSERT INTO "public"."stocks" VALUES (19, '2026-01-23 10:21:25.501943', 5, 15, '2026-02-01 10:21:25.501943', 19);
INSERT INTO "public"."stocks" VALUES (20, '2026-01-29 10:21:25.507459', 3, 8, '2026-02-01 10:21:25.507459', 20);
INSERT INTO "public"."stocks" VALUES (21, '2026-01-08 10:21:25.514458', 15, 50, '2026-02-01 10:21:25.514458', 21);
INSERT INTO "public"."stocks" VALUES (22, '2026-01-30 10:21:25.522524', 20, 60, '2026-02-01 10:21:25.522524', 22);
INSERT INTO "public"."stocks" VALUES (23, '2026-01-29 10:21:25.531202', 30, 100, '2026-02-01 10:21:25.531202', 23);
INSERT INTO "public"."stocks" VALUES (24, '2026-02-01 10:21:25.538725', 10, 25, '2026-02-01 10:21:25.539725', 24);
INSERT INTO "public"."stocks" VALUES (25, '2026-02-01 10:22:02.028375', 15, 40, '2026-02-01 10:22:06.023652', 25);

-- ----------------------------
-- Table structure for suppliers
-- ----------------------------
DROP TABLE IF EXISTS "public"."suppliers";
CREATE TABLE "public"."suppliers" (
  "id" int8 NOT NULL GENERATED BY DEFAULT AS IDENTITY (
INCREMENT 1
MINVALUE  1
MAXVALUE 9223372036854775807
START 1
CACHE 1
),
  "address" varchar(255) COLLATE "pg_catalog"."default" NOT NULL,
  "created_at" timestamp(6),
  "description" varchar(500) COLLATE "pg_catalog"."default",
  "email" varchar(255) COLLATE "pg_catalog"."default" NOT NULL,
  "name" varchar(255) COLLATE "pg_catalog"."default" NOT NULL,
  "phone_number" varchar(255) COLLATE "pg_catalog"."default",
  "updated_at" timestamp(6)
)
;

-- ----------------------------
-- Records of suppliers
-- ----------------------------
INSERT INTO "public"."suppliers" VALUES (1, 'Jl. Sudirman No. 123, Jakarta Pusat', '2026-02-01 10:21:25.267756', 'Supplier komputer dan laptop terpercaya', 'info@tekmaju.com', 'PT Teknologi Maju', '02155512340', '2026-02-01 10:21:25.267756');
INSERT INTO "public"."suppliers" VALUES (2, 'Jl. Gatot Subroto No. 456, Bandung', '2026-02-01 10:21:25.270755', 'Supplier elektronik dan komponen', 'sales@elektronikjaya.com', 'CV Elektronik Jaya', '02277712340', '2026-02-01 10:21:25.270755');
INSERT INTO "public"."suppliers" VALUES (3, 'Jl. Ahmad Yani No. 789, Surabaya', '2026-02-01 10:21:25.272756', 'Supplier peralatan kantor dan furniture', 'contact@mitrasejahtera.com', 'UD Mitra Sejahtera', '03188812340', '2026-02-01 10:21:25.272756');
INSERT INTO "public"."suppliers" VALUES (4, 'Jl. Rasuna Said No. 321, Jakarta Selatan', '2026-02-01 10:21:25.27426', 'Supplier networking dan server equipment', 'info@globaltech.com', 'PT Global Tech Solution', '02199912340', '2026-02-01 10:21:25.27426');
INSERT INTO "public"."suppliers" VALUES (5, 'Jl. Diponegoro No. 654, Yogyakarta', '2026-02-01 10:21:25.277788', 'Supplier audio, video, dan multimedia', 'sales@digitalmedia.com', 'CV Digital Media', '027466612340', '2026-02-01 10:21:25.277788');
INSERT INTO "public"."suppliers" VALUES (6, 'Jl. Mangga Dua, Jakarta Utara', '2026-02-01 10:21:25.279362', 'Supplier smartphone dan tablet', 'info@smartphonecenter.com', 'UD Smartphone Center', '02144412340', '2026-02-01 10:21:25.279362');
INSERT INTO "public"."suppliers" VALUES (7, 'Jl. Sudirman No. 999, Surabaya', '2026-02-01 10:21:25.281368', 'Supplier peralatan gaming', 'sales@gamingpro.com', 'PT Gaming Pro', '03155512340', '2026-02-01 10:21:25.281368');

-- ----------------------------
-- Table structure for users
-- ----------------------------
DROP TABLE IF EXISTS "public"."users";
CREATE TABLE "public"."users" (
  "id" int8 NOT NULL GENERATED BY DEFAULT AS IDENTITY (
INCREMENT 1
MINVALUE  1
MAXVALUE 9223372036854775807
START 1
CACHE 1
),
  "created_at" timestamp(6),
  "email" varchar(255) COLLATE "pg_catalog"."default" NOT NULL,
  "full_name" varchar(255) COLLATE "pg_catalog"."default" NOT NULL,
  "is_active" bool NOT NULL,
  "password" varchar(255) COLLATE "pg_catalog"."default" NOT NULL,
  "phone_number" varchar(20) COLLATE "pg_catalog"."default",
  "role" varchar(255) COLLATE "pg_catalog"."default" NOT NULL,
  "updated_at" timestamp(6),
  "username" varchar(255) COLLATE "pg_catalog"."default" NOT NULL
)
;

-- ----------------------------
-- Records of users
-- ----------------------------
INSERT INTO "public"."users" VALUES (1, '2026-02-01 10:21:24.843367', 'admin@inventori.com', 'Administrator', 't', '$2a$10$USnV074RiHgCezIlhmfxIOC0e7X8D2fLDoA7v2itHkSw7nqLLIVBS', NULL, 'ADMIN', '2026-02-01 10:21:24.843367', 'admin');
INSERT INTO "public"."users" VALUES (2, '2026-02-01 10:21:24.950209', 'staff@inventori.com', 'Staff Member', 't', '$2a$10$bYQ6HOrdYZx/EpaxtwaNeeNCbFmZOWq6xJ0/C9E6DaOZtOrfV6cy.', NULL, 'STAFF', '2026-02-01 10:21:24.950209', 'staff');
INSERT INTO "public"."users" VALUES (3, '2026-02-01 10:21:25.021628', 'sarah.wilson@inventori.com', 'Sarah Wilson', 't', '$2a$10$YGXgJ27NOFB6V3dqZa8YEum8JuWzJAIBRYrddEZzxRZmixcUhRSUy', NULL, 'STAFF', '2026-02-01 10:21:25.021628', 'sarah_staff');
INSERT INTO "public"."users" VALUES (4, '2026-02-01 10:21:25.090912', 'mike.johnson@inventori.com', 'Mike Johnson', 't', '$2a$10$Ig./5Xq/zbcvcK/KzAXrcOj10dlYaIW9PM/b.5sRcgBCKP5dS3Pha', NULL, 'STAFF', '2026-02-01 10:21:25.090912', 'mike_staff');
INSERT INTO "public"."users" VALUES (5, '2026-02-01 10:21:25.160968', 'jessica.anderson@inventori.com', 'Jessica Anderson', 't', '$2a$10$WaIla69a7Vdhr4b7A8pRyeGnstT2Sx5ZQqwk5tVcONJrlKqDimCdC', NULL, 'STAFF', '2026-02-01 10:21:25.160968', 'jessica_staff');
INSERT INTO "public"."users" VALUES (6, '2026-02-01 10:21:25.232541', 'david.martinez@inventori.com', 'David Martinez', 'f', '$2a$10$CPMnnQ//za6M6vqWfs0Fx.OFpg7AmG0nDdWOfZ83ZNBqolt/8R.r2', '', 'STAFF', '2026-02-01 10:23:31.364495', 'david_staff');

-- ----------------------------
-- Alter sequences owned by
-- ----------------------------
ALTER SEQUENCE "public"."categories_id_seq"
OWNED BY "public"."categories"."id";
SELECT setval('"public"."categories_id_seq"', 10, true);

-- ----------------------------
-- Alter sequences owned by
-- ----------------------------
ALTER SEQUENCE "public"."products_id_seq"
OWNED BY "public"."products"."id";
SELECT setval('"public"."products_id_seq"', 25, true);

-- ----------------------------
-- Alter sequences owned by
-- ----------------------------
ALTER SEQUENCE "public"."stocks_id_seq"
OWNED BY "public"."stocks"."id";
SELECT setval('"public"."stocks_id_seq"', 25, true);

-- ----------------------------
-- Alter sequences owned by
-- ----------------------------
ALTER SEQUENCE "public"."suppliers_id_seq"
OWNED BY "public"."suppliers"."id";
SELECT setval('"public"."suppliers_id_seq"', 7, true);

-- ----------------------------
-- Alter sequences owned by
-- ----------------------------
ALTER SEQUENCE "public"."users_id_seq"
OWNED BY "public"."users"."id";
SELECT setval('"public"."users_id_seq"', 6, true);

-- ----------------------------
-- Auto increment value for categories
-- ----------------------------
SELECT setval('"public"."categories_id_seq"', 10, true);

-- ----------------------------
-- Uniques structure for table categories
-- ----------------------------
ALTER TABLE "public"."categories" ADD CONSTRAINT "ukt8o6pivur7nn124jehx7cygw5" UNIQUE ("name");

-- ----------------------------
-- Primary Key structure for table categories
-- ----------------------------
ALTER TABLE "public"."categories" ADD CONSTRAINT "categories_pkey" PRIMARY KEY ("id");

-- ----------------------------
-- Auto increment value for products
-- ----------------------------
SELECT setval('"public"."products_id_seq"', 25, true);

-- ----------------------------
-- Uniques structure for table products
-- ----------------------------
ALTER TABLE "public"."products" ADD CONSTRAINT "ukfhmd06dsmj6k0n90swsh8ie9g" UNIQUE ("sku");

-- ----------------------------
-- Primary Key structure for table products
-- ----------------------------
ALTER TABLE "public"."products" ADD CONSTRAINT "products_pkey" PRIMARY KEY ("id");

-- ----------------------------
-- Auto increment value for stocks
-- ----------------------------
SELECT setval('"public"."stocks_id_seq"', 25, true);

-- ----------------------------
-- Uniques structure for table stocks
-- ----------------------------
ALTER TABLE "public"."stocks" ADD CONSTRAINT "ukhtp625bmmsb6gay567r5sdfoc" UNIQUE ("product_id");

-- ----------------------------
-- Checks structure for table stocks
-- ----------------------------
ALTER TABLE "public"."stocks" ADD CONSTRAINT "stocks_minimum_stock_check" CHECK (minimum_stock >= 0);
ALTER TABLE "public"."stocks" ADD CONSTRAINT "stocks_quantity_check" CHECK (quantity >= 0);

-- ----------------------------
-- Primary Key structure for table stocks
-- ----------------------------
ALTER TABLE "public"."stocks" ADD CONSTRAINT "stocks_pkey" PRIMARY KEY ("id");

-- ----------------------------
-- Auto increment value for suppliers
-- ----------------------------
SELECT setval('"public"."suppliers_id_seq"', 7, true);

-- ----------------------------
-- Primary Key structure for table suppliers
-- ----------------------------
ALTER TABLE "public"."suppliers" ADD CONSTRAINT "suppliers_pkey" PRIMARY KEY ("id");

-- ----------------------------
-- Auto increment value for users
-- ----------------------------
SELECT setval('"public"."users_id_seq"', 6, true);

-- ----------------------------
-- Uniques structure for table users
-- ----------------------------
ALTER TABLE "public"."users" ADD CONSTRAINT "uk6dotkott2kjsp8vw4d0m25fb7" UNIQUE ("email");
ALTER TABLE "public"."users" ADD CONSTRAINT "ukr43af9ap4edm43mmtq01oddj6" UNIQUE ("username");

-- ----------------------------
-- Checks structure for table users
-- ----------------------------
ALTER TABLE "public"."users" ADD CONSTRAINT "users_role_check" CHECK (role::text = ANY (ARRAY['ADMIN'::character varying, 'STAFF'::character varying]::text[]));

-- ----------------------------
-- Primary Key structure for table users
-- ----------------------------
ALTER TABLE "public"."users" ADD CONSTRAINT "users_pkey" PRIMARY KEY ("id");

-- ----------------------------
-- Foreign Keys structure for table products
-- ----------------------------
ALTER TABLE "public"."products" ADD CONSTRAINT "fk6i174ixi9087gcvvut45em7fd" FOREIGN KEY ("supplier_id") REFERENCES "public"."suppliers" ("id") ON DELETE NO ACTION ON UPDATE NO ACTION;
ALTER TABLE "public"."products" ADD CONSTRAINT "fkog2rp4qthbtt2lfyhfo32lsw9" FOREIGN KEY ("category_id") REFERENCES "public"."categories" ("id") ON DELETE NO ACTION ON UPDATE NO ACTION;

-- ----------------------------
-- Foreign Keys structure for table stocks
-- ----------------------------
ALTER TABLE "public"."stocks" ADD CONSTRAINT "fkff7be959jyco0iukc1dcjj9qm" FOREIGN KEY ("product_id") REFERENCES "public"."products" ("id") ON DELETE NO ACTION ON UPDATE NO ACTION;
